Transaction Date,Post Date,Description,Category,Type,Amount
01/02/2026,01/03/2026,GOOGLE *ADS4521,Professional Services,Sale,-450.00
01/03/2026,01/04/2026,SHELL OIL 57444,Gas,Sale,-52.30
01/05/2026,01/06/2026,UBER   *TRIP,Travel,Sale,-34.50
01/07/2026,01/08/2026,STAPLES 00123,Shopping,Sale,-127.89
01/08/2026,01/09/2026,WEWORK MONTHLY DESK,Bills & Utilities,Sale,-350.00
01/10/2026,01/11/2026,DELTA AIR LINES 0062,Travel,Sale,-289.00
01/11/2026,01/12/2026,MARRIOTT SAN FRANCISCO,Travel,Sale,-598.50
01/12/2026,01/13/2026,SQ *BLUE BOTTLE COFFEE,Food & Drink,Sale,-6.75
01/14/2026,01/15/2026,NETFLIX.COM,Entertainment,Sale,-15.49
01/15/2026,01/16/2026,ADOBE *CREATIVE CLOUD,Shopping,Sale,-59.99
01/17/2026,01/18/2026,VERIZON WIRELESS,Bills & Utilities,Sale,-85.00
01/18/2026,01/19/2026,UPWORK -FREELANCER,Professional Services,Sale,-500.00
01/20/2026,01/21/2026,TRADER JOE'S #552,Groceries,Sale,-67.44
01/22/2026,01/23/2026,HISCOX INSURANCE,Bills & Utilities,Sale,-42.00
01/25/2026,01/26/2026,DOORDASH*THAI PALACE,Food & Drink,Sale,-38.20
01/28/2026,01/28/2026,PAYMENT THANK YOU - WEB,,Payment,2500.00
02/01/2026,02/02/2026,SWEETWATER SOUND,Shopping,Sale,-349.00
02/02/2026,02/03/2026,GOOGLE *ADS4521,Professional Services,Sale,-450.00
02/03/2026,02/04/2026,SHELL OIL 57444,Gas,Sale,-48.75
02/04/2026,02/05/2026,ADOBE *CREATIVE CLOUD,Shopping,Sale,-59.99
02/06/2026,02/07/2026,SQ *BLUE BOTTLE COFFEE,Food & Drink,Sale,-7.25
02/08/2026,02/09/2026,WEWORK MONTHLY DESK,Bills & Utilities,Sale,-350.00
02/10/2026,02/11/2026,STAPLES 00123,Shopping,Return,24.99
02/12/2026,02/13/2026,AMERICAN RED CROSS,Gifts & Donations,Sale,-100.00
02/14/2026,02/15/2026,CVS/PHARMACY #08123,Health & Wellness,Sale,-23.18
02/15/2026,02/16/2026,LEGALZOOM*LLC FILING,Professional Services,Sale,-149.00
02/17/2026,02/18/2026,NETFLIX.COM,Entertainment,Sale,-15.49
02/18/2026,02/19/2026,UPS STORE 4471,Shipping,Sale,-18.40
02/20/2026,02/21/2026,FAIRWAY CLIENT LUNCH GRILL,Food & Drink,Sale,-84.60
02/23/2026,02/24/2026,CITY OF AUSTIN BUSINESS LICENSE,Bills & Utilities,Sale,-75.00
02/25/2026,02/26/2026,VERIZON WIRELESS,Bills & Utilities,Sale,-85.00
02/28/2026,02/28/2026,PAYMENT THANK YOU - WEB,,Payment,2800.00
